1527,Geo,Prizm,Teal,1996
1184,Honda,Insight,Green,2006
1437,Maserati,Biturbo,Crimson,1984
1990,Ford,Bronco,Fuscia,1994
1779,Audi,riolet,Orange,1994
1271,Dodge,Ram 1500,Blue,2010
1463,Mazda,B-Series Plus,Yellow,2001
1280,Chevrolet,S10 Blazer,Purple,1993
1931,Mitsubishi,Endeavor,Yellow,2011
1805,Ford,E150,Puce,2006
1710,Dodge,Ram 3500,Purple,2000
1308,GMC,Yukon XL 2500,Red,2001
1645,Mercury,Grand Marquis,Mauv,1989
1564,Chevrolet,TrailBlazer,Indigo,2003
1623,Pontiac,G5,Fuscia,2008
1161,Mercedes-Benz,G-Class,Khaki,2012
1624,Ford,Th!nk,Violet,2002
1504,Aston Martin,V8 Vantage S,Violet,2011
1899,Ford,Ranger,Khaki,1998
1883,Chevrolet,Impala,Orange,2004
1220,Ford,Aspire,Purple,1997
1346,Mazda,Tribute,Turquoise,2005
1600,Pontiac,Grand Prix,Violet,1964
1285,Porsche,944,Green,1987
1166,Chevrolet,Express 1500,Green,2009
1059,Isuzu,Rodeo,Indigo,2000
1043,Honda,Accord,Teal,2005
1653,Maserati,Spyder,Mauv,1989
1014,Bentley,Mulsanne,Red,2011
1456,Toyota,Land Cruiser,Fuscia,2007
1579,Dodge,Charger,Fuscia,1999
1286,Mitsubishi,Galant,Blue,1987
1355,Mitsubishi,Galant,Turquoise,1984
1481,Honda,del Sol,Purple,1997
1197,Lincoln,Town Car,Green,2006
1088,Mercury,Grand Marquis,Turquoise,1999
1212,Buick,LeSabre,Crimson,2000
1950,Isuzu,Trooper,Turquoise,2002
1742,Volkswagen,Jetta,Orange,2009
1820,Lincoln,Navigator,Yellow,2011
1863,Dodge,Ram 3500,Puce,2001
1123,Isuzu,Rodeo,Violet,1997
1143,Mercedes-Benz,SL-Class,Violet,2003
1598,Maserati,Biturbo,Green,1987
1635,Dodge,Stealth,Blue,1995
1622,Mercedes-Benz,E-Class,Blue,1986
1779,Audi,A6,Purple,2000
1535,GMC,Suburban 2500,Khaki,1998
1638,Audi,Quattro,Aquamarine,1992
1097,Lexus,RX,Puce,2004
1530,Volkswagen,Passat,Goldenrod,2006
1794,Honda,Pilot,Purple,2008
1614,Nissan,Sentra,Mauv,1994
1450,Hyundai,Veracruz,Khaki,2011
1596,Hyundai,Elantra,Purple,1994
1912,Kia,Sportage,Red,2001
1783,Cadillac,STS,Khaki,2007
1421,Volkswagen,Cabriolet,Maroon,1987
1362,Jaguar,XJ,Aquamarine,2008
1572,Volkswagen,Golf,Aquamarine,1993
1559,Ford,Explorer Sport Trac,Maroon,2004
1135,BMW,5 Series,Indigo,2000
1430,Hyundai,XG300,Turquoise,2001
1412,BMW,645,Goldenrod,2005
1049,Oldsmobile,Alero,Pink,2003
1289,Dodge,Ram Van 2500,Puce,2001
1116,Hummer,H3T,Purple,2009
1090,Nissan,Maxima,Pink,1998
1617,Ford,Crown Victoria,Goldenrod,1992
1700,Mitsubishi,Tundra,Khaki,2009
1512,GMC,3500,Goldenrod,1993
1656,Lincoln,Continental,Indigo,1994
1653,Chrysler,Concorde,Yellow,1994
1021,Buick,Terraza,Crimson,2005
1404,Ford,Probe,Mauv,1989
1105,Lexus,IS,Fuscia,2007
1299,Toyota,T100 Xtra,Puce,1997
1892,Mercedes-Benz,SLK-Class,Fuscia,2008
1088,Acura,CL,Purple,2001
1070,Chevrolet,Suburban 1500,Aquamarine,2003
1683,Volkswagen,Golf,Orange,1989
1774,Ford,Explorer Sport,Green,2000
1040,Chevrolet,Sportvan G30,Pink,1994
1835,Dodge,Ram 2500,Turquoise,2003
1407,BMW,530,Puce,2002
1951,Toyota,Camry,Blue,2006
1643,Toyota,Highlander,Puce,2003
1599,Mercedes-Benz,C-Class,Blue,2008
1891,Volvo,960,Yellow,1992
1171,Mazda,Mazda6,Blue,2012
1469,Audi,S6,Fuscia,2011
1334,Saab,9-3,Green,2011
1266,Plymouth,Breeze,Orange,1997
1834,Toyota,Previa,Purple,1993
1646,Subaru,Impreza,Orange,1998
1916,Hummer,H2,Red,2009
1042,MINI,Cooper Clubman,Violet,2008
1827,Saab,9000,Teal,1989
1261,Suzuki,SJ,Green,1986
1024,Nissan,Armada,Red,2005
